Timestamp,What type of business does your organization operate in?,How long has your business been operating?,What is your role in the organization?  ,What is the approximate size of your inventory (number of distinct products / SKUs managed)?  ,How does your organization currently manage inventory levels?  ,How often does your organization experience stockouts (inability to fulfill orders due to insufficient stock)?  ,How often does your organization experience excess inventory or overstocking?,"On average, how many days' worth of stock does your organization hold at any given time?  ",Which factors most significantly affect demand for your products?,How predictable is the demand for your primary products on a week-to-week basis?  ,During which period(s) does your organization typically experience peak product demand?  ,What method does your organization currently use to forecast product demand,How frequently does your organization update its demand forecasts?  ,What is the primary source of error in your current demand forecasts?  ,What is the average lead time from your primary supplier(s) — number of days from placing an order to receiving goods?  ,How reliably do your suppliers meet their promised delivery timelines?  ,Does your organization currently maintain a safety stock (buffer inventory held to guard against demand uncertainty or supplier delays)?  ,Does your organization maintain digitally accessible historical sales data,How frequently is your inventory and sales data updated in your system?  ,"Approximately what percentage of your organization's annual revenue is estimated to be lost due to inventory inefficiencies (stockouts, overstocking, or obsolete stock)?  ",My organization's current inventory system effectively prevents stockouts and excess inventory.  ,I trust the accuracy of our current demand forecasting method.,Supplier delays are a frequent and significant source of inventory disruption in our operations.  ,Seasonal and promotional demand fluctuations are difficult to predict accurately with our current methods.  ,I believe predictive analytics can significantly improve the accuracy of inventory and demand decisions.  , My organization has sufficient data quality and availability to support the implementation of predictive analytics.  
3/10/2026 18:10:08,Manufacturing,More than 5 years,Owner / General Manager,50–200 SKUs,Manual tracking (spreadsheets or paper records),Occasionally (a few times per month),Rarely (a few times per year),Fewer than 7 days,"Seasonal cycles (festive periods, summer, monsoon etc.), Product price changes, Shifts in customer preferences or market trends","Highly predictable — follows a consistent, stable pattern",Demand is relatively uniform throughout the year,Experience or gut-feeling based estimation,Weekly,Insufficient or poor-quality historical data,4–7 days,Reliably — on time about 75–90% of the time,Yes — we maintain a formally calculated safety stock level,No — historical data is not systematically maintained,In real-time (automated continuous updates),2%-5%,3,3,2,2,3,3
3/10/2026 18:15:37,Manufacturing,More than 5 years,HR,More than 500 SKUs,Enterprise Resource Planning (ERP) system,Occasionally (a few times per month),Very frequently (weekly or more),15–30 days,"Seasonal cycles (festive periods, summer, monsoon etc.)",Unpredictable — demand fluctuates significantly and irregularly,Q4 (October–December),"Statistical methods (e.g., moving averages, exponential smoothing)",Daily,Unexpected changes in customer behaviour,8-14 days,Inconsistently — on time about 50–75% of the time,Yes — we maintain a formally calculated safety stock level,Partially — some data is available but records are incomplete,Daily,More than 10%,3,1,3,4,3,2
3/10/2026 18:29:39,Wholesale / Distribution,More than 5 years,Owner / General Manager,More than 500 SKUs,Dedicated inventory management software,Rarely (a few times per year),Occasionally (a few times per month),More than 60 days,"Product price changes, Competitor pricing or competitor stockout situations",Moderately predictable — some variation but generally foreseeable,Q3 (July–September),"Software-based forecasting tools (Excel, ERP modules)",Monthly,Supplier or supply chain disruptions,4–7 days,Reliably — on time about 75–90% of the time,Yes — we maintain a formally calculated safety stock level,Yes — stored in spreadsheets or basic records,Monthly,Less than 2%,4,3,3,4,4,3
3/10/2026 18:59:42,Manufacturing,More than 5 years,Design,50–200 SKUs,Enterprise Resource Planning (ERP) system,Rarely (a few times per year),Rarely (a few times per year),31–60 days,Shifts in customer preferences or market trends,Moderately predictable — some variation but generally foreseeable,Q1 (January–March),"Statistical methods (e.g., moving averages, exponential smoothing)",Weekly,Supplier or supply chain disruptions,More than 30 days,Inconsistently — on time about 50–75% of the time,Yes — determined informally based on experience,Yes — stored in a dedicated system and readily accessible,Weekly,6%-10%,3,3,4,3,3,3
3/10/2026 18:59:58,Wholesale / Distribution,More than 5 years,Owner / General Manager,More than 500 SKUs,Manual tracking (spreadsheets or paper records),Very frequently (weekly or more),Occasionally (a few times per month),31–60 days,"Seasonal cycles (festive periods, summer, monsoon etc.)",Moderately predictable — some variation but generally foreseeable,Demand is relatively uniform throughout the year,Manual analysis of historical sales records,Monthly,Insufficient or poor-quality historical data,8-14 days,Reliably — on time about 75–90% of the time,No — safety stock is not maintained,Partially — some data is available but records are incomplete,Irregularly or manually,6%-10%,3,3,4,4,5,3
3/10/2026 19:08:36,Power,More than 5 years,Owner / General Manager,More than 500 SKUs,Enterprise Resource Planning (ERP) system,Never,Occasionally (a few times per month),31–60 days,"Seasonal cycles (festive periods, summer, monsoon etc.)",Moderately predictable — some variation but generally foreseeable,Q3 (July–September),"Statistical methods (e.g., moving averages, exponential smoothing)",Daily,Insufficient or poor-quality historical data,More than 30 days,Reliably — on time about 75–90% of the time,Yes — we maintain a formally calculated safety stock level,Yes — stored in a dedicated system and readily accessible,In real-time (automated continuous updates),More than 10%,4,4,3,3,4,4
3/10/2026 19:08:55,Wholesale / Distribution,More than 5 years,Owner / General Manager,50–200 SKUs,Dedicated inventory management software,Occasionally (a few times per month),Very frequently (weekly or more),31–60 days,Promotional campaigns and discounts,Moderately predictable — some variation but generally foreseeable,Demand is relatively uniform throughout the year,Manual analysis of historical sales records,Weekly,Insufficient or poor-quality historical data,More than 30 days,Inconsistently — on time about 50–75% of the time,Yes — we maintain a formally calculated safety stock level,No — historical data is not systematically maintained,Daily,Unable to estimate,1,1,5,5,5,5
3/10/2026 19:09:36,Wholesale / Distribution,More than 5 years,Owner / General Manager,200–500 SKUs,Manual tracking (spreadsheets or paper records),Rarely (a few times per year),Occasionally (a few times per month),More than 60 days,"Seasonal cycles (festive periods, summer, monsoon etc.), Promotional campaigns and discounts, Product price changes",Moderately predictable — some variation but generally foreseeable,"Q1 (January–March), Q4 (October–December)",Manual analysis of historical sales records,Monthly,Insufficient or poor-quality historical data,4–7 days,Reliably — on time about 75–90% of the time,Yes — determined informally based on experience,Yes — stored in a dedicated system and readily accessible,Irregularly or manually,6%-10%,3,3,2,5,5,1
3/10/2026 19:14:51,Manufacturing,3–5 years,Owner / General Manager,Fewer than 50 SKUs,Manual tracking (spreadsheets or paper records),Never,Rarely (a few times per year),15–30 days,Competitor pricing or competitor stockout situations,Unpredictable — demand fluctuates significantly and irregularly,Q4 (October–December),Experience or gut-feeling based estimation,Only at the start of each season or quarter,Unexpected changes in customer behaviour,More than 30 days,Reliably — on time about 75–90% of the time,No — safety stock is not maintained,No — historical data is not systematically maintained,Irregularly or manually,2%-5%,4,3,2,4,3,2
3/10/2026 20:42:41,Engineering Consultancy ,1–3 years,Partner,Fewer than 50 SKUs,Dedicated inventory management software,Never,Never,More than 60 days,Shifts in customer preferences or market trends,Unpredictable — demand fluctuates significantly and irregularly,Demand is relatively uniform throughout the year,Experience or gut-feeling based estimation,Not regularly updated,No systematic forecasting process in place,8-14 days,Very reliably — on time more than 90% of the time,Yes — we maintain a formally calculated safety stock level,Yes — stored in a dedicated system and readily accessible,In real-time (automated continuous updates),Unable to estimate,5,5,1,1,5,5
3/10/2026 20:46:00,Manufacturing,More than 5 years,Supply Chain / Procurement Manager,More than 500 SKUs,Automated analytics or AI-driven tools,Rarely (a few times per year),Occasionally (a few times per month),More than 60 days,"Macroeconomic factors (inflation, consumer spending)",Moderately predictable — some variation but generally foreseeable,Q2 (April–June),Machine learning or AI-based forecasting platforms,Weekly,Supplier or supply chain disruptions,15-30 days,Reliably — on time about 75–90% of the time,Yes — we maintain a formally calculated safety stock level,Yes — stored in a dedicated system and readily accessible,Weekly,Less than 2%,5,5,3,2,5,5
3/10/2026 20:53:52,E-commerce,Less than 1 year,Operations Manager,Fewer than 50 SKUs,Manual tracking (spreadsheets or paper records),Very frequently (weekly or more),Occasionally (a few times per month),Fewer than 7 days,"Promotional campaigns and discounts, Product price changes","Highly predictable — follows a consistent, stable pattern","Q3 (July–September), Demand is relatively uniform throughout the year",Manual analysis of historical sales records,Weekly,Inability to account for promotions or sudden market events,1–3 days,Reliably — on time about 75–90% of the time,No — safety stock is not maintained,No — historical data is not systematically maintained,Weekly,Less than 2%,2,2,2,3,3,3
3/10/2026 20:58:21,Healthcare,More than 5 years,Owner / General Manager,Fewer than 50 SKUs,Manual tracking (spreadsheets or paper records),Rarely (a few times per year),Never,15–30 days,"Seasonal cycles (festive periods, summer, monsoon etc.)","Highly predictable — follows a consistent, stable pattern",Demand is relatively uniform throughout the year,Experience or gut-feeling based estimation,Not regularly updated,Unexpected changes in customer behaviour,8-14 days,Reliably — on time about 75–90% of the time,Yes — determined informally based on experience,Partially — some data is available but records are incomplete,Irregularly or manually,2%-5%,2,3,3,2,3,4
3/10/2026 21:00:57,Manufacturing,Less than 1 year,Owner / General Manager,Fewer than 50 SKUs,Manual tracking (spreadsheets or paper records),Very frequently (weekly or more),Rarely (a few times per year),Fewer than 7 days,"Seasonal cycles (festive periods, summer, monsoon etc.), Promotional campaigns and discounts","Highly predictable — follows a consistent, stable pattern","Q3 (July–September), Q4 (October–December)",Experience or gut-feeling based estimation,Not regularly updated,Supplier or supply chain disruptions,1–3 days,Very reliably — on time more than 90% of the time,No — safety stock is not maintained,Yes — stored in spreadsheets or basic records,Irregularly or manually,Unable to estimate,3,4,2,2,3,4
3/10/2026 21:01:32,Manufacturing,More than 5 years,Owner / General Manager,200–500 SKUs,Dedicated inventory management software,Rarely (a few times per year),Rarely (a few times per year),31–60 days,Competitor pricing or competitor stockout situations,Moderately predictable — some variation but generally foreseeable,Demand is relatively uniform throughout the year,"Software-based forecasting tools (Excel, ERP modules)",Monthly,Unexpected changes in customer behaviour,8-14 days,Reliably — on time about 75–90% of the time,Yes — determined informally based on experience,Yes — stored in a dedicated system and readily accessible,Monthly,Less than 2%,4,4,2,1,4,4
3/10/2026 21:08:26,E-commerce,More than 5 years,Owner / General Manager,More than 500 SKUs,Dedicated inventory management software,Never,Rarely (a few times per year),15–30 days,"Seasonal cycles (festive periods, summer, monsoon etc.), Promotional campaigns and discounts, Product price changes",Unpredictable — demand fluctuates significantly and irregularly,"Q2 (April–June), Q3 (July–September)","Software-based forecasting tools (Excel, ERP modules)",Only at the start of each season or quarter,Supplier or supply chain disruptions,1–3 days,Very reliably — on time more than 90% of the time,Yes — we maintain a formally calculated safety stock level,Yes — stored in a dedicated system and readily accessible,In real-time (automated continuous updates),Less than 2%,4,4,4,2,3,5
3/10/2026 21:19:21,E-commerce,More than 5 years,Owner / General Manager,50–200 SKUs,Automated analytics or AI-driven tools,Occasionally (a few times per month),Rarely (a few times per year),Fewer than 7 days,"Seasonal cycles (festive periods, summer, monsoon etc.), Shifts in customer preferences or market trends, Competitor pricing or competitor stockout situations",Moderately predictable — some variation but generally foreseeable,"Q1 (January–March), Q3 (July–September)",Machine learning or AI-based forecasting platforms,Weekly,Insufficient or poor-quality historical data,4–7 days,Very reliably — on time more than 90% of the time,Yes — determined informally based on experience,Yes — stored in spreadsheets or basic records,Daily,6%-10%,4,3,3,4,5,3
3/10/2026 21:23:01,Mining,More than 5 years,Owner / General Manager,More than 500 SKUs,Enterprise Resource Planning (ERP) system,Rarely (a few times per year),Very frequently (weekly or more),31–60 days,"Seasonal cycles (festive periods, summer, monsoon etc.)","Highly predictable — follows a consistent, stable pattern",Q4 (October–December),Manual analysis of historical sales records,Only at the start of each season or quarter,Supplier or supply chain disruptions,More than 30 days,Very reliably — on time more than 90% of the time,Yes — we maintain a formally calculated safety stock level,Yes — stored in a dedicated system and readily accessible,In real-time (automated continuous updates),Unable to estimate,5,5,3,3,3,5
3/10/2026 21:28:31,Retail,3–5 years,Owner / General Manager,Fewer than 50 SKUs,Enterprise Resource Planning (ERP) system,Rarely (a few times per year),Never,7–14 days,"Seasonal cycles (festive periods, summer, monsoon etc.)",Moderately predictable — some variation but generally foreseeable,Q3 (July–September),"Software-based forecasting tools (Excel, ERP modules)",Weekly,Insufficient or poor-quality historical data,4–7 days,Very reliably — on time more than 90% of the time,Yes — determined informally based on experience,Yes — stored in a dedicated system and readily accessible,In real-time (automated continuous updates),6%-10%,5,5,2,2,5,4
3/10/2026 21:31:43,"Retail, Manufacturing, Marketing of POL Products",More than 5 years,Owner / General Manager,More than 500 SKUs,Automated analytics or AI-driven tools,Never,Never,More than 60 days,Product price changes,"Highly predictable — follows a consistent, stable pattern",Q1 (January–March),"Software-based forecasting tools (Excel, ERP modules)",Monthly,Unexpected changes in customer behaviour,1–3 days,Very reliably — on time more than 90% of the time,Yes — we maintain a formally calculated safety stock level,Yes — stored in a dedicated system and readily accessible,In real-time (automated continuous updates),Less than 2%,5,5,3,5,5,5
3/10/2026 21:32:00,Retail,3–5 years,Owner / General Manager,Fewer than 50 SKUs,Manual tracking (spreadsheets or paper records),Occasionally (a few times per month),Rarely (a few times per year),More than 60 days,"Seasonal cycles (festive periods, summer, monsoon etc.), Promotional campaigns and discounts, Product price changes, Shifts in customer preferences or market trends, Competitor pricing or competitor stockout situations","Highly predictable — follows a consistent, stable pattern",Demand is relatively uniform throughout the year,Experience or gut-feeling based estimation,Monthly,Supplier or supply chain disruptions,1–3 days,Very reliably — on time more than 90% of the time,Yes — we maintain a formally calculated safety stock level,No — historical data is not systematically maintained,Weekly,Less than 2%,3,3,2,2,4,2
3/10/2026 21:53:16,E-commerce,Less than 1 year,Owner / General Manager,Fewer than 50 SKUs,Dedicated inventory management software,Very frequently (weekly or more),Occasionally (a few times per month),15–30 days,Product price changes,"Highly predictable — follows a consistent, stable pattern",Q1 (January–March),Manual analysis of historical sales records,Weekly,Insufficient or poor-quality historical data,8-14 days,Reliably — on time about 75–90% of the time,No — safety stock is not maintained,No — historical data is not systematically maintained,Irregularly or manually,Less than 2%,2,2,3,4,4,5
3/10/2026 22:10:49,Manufacturing,More than 5 years,Owner / General Manager,More than 500 SKUs,Enterprise Resource Planning (ERP) system,Rarely (a few times per year),Never,7–14 days,"Seasonal cycles (festive periods, summer, monsoon etc.), Product price changes, Shifts in customer preferences or market trends",Unpredictable — demand fluctuates significantly and irregularly,"Q2 (April–June), Q3 (July–September)",Manual analysis of historical sales records,Not regularly updated,No systematic forecasting process in place,4–7 days,Very reliably — on time more than 90% of the time,Yes — we maintain a formally calculated safety stock level,Yes — stored in spreadsheets or basic records,In real-time (automated continuous updates),Less than 2%,5,2,1,4,4,4
3/10/2026 22:13:10,Engineering Consultancy,More than 5 years,Owner / General Manager,Fewer than 50 SKUs,Manual tracking (spreadsheets or paper records),Rarely (a few times per year),Rarely (a few times per year),More than 60 days,Shifts in customer preferences or market trends,Moderately predictable — some variation but generally foreseeable,"Q4 (October–December), Demand is relatively uniform throughout the year",Experience or gut-feeling based estimation,Not regularly updated,Unexpected changes in customer behaviour,1–3 days,Very reliably — on time more than 90% of the time,Yes — determined informally based on experience,No — historical data is not systematically maintained,Irregularly or manually,Unable to estimate,5,5,1,1,5,4
3/10/2026 22:42:49,Retail,More than 5 years,Owner / General Manager,200–500 SKUs,Dedicated inventory management software,Occasionally (a few times per month),Occasionally (a few times per month),15–30 days,"Seasonal cycles (festive periods, summer, monsoon etc.)",Moderately predictable — some variation but generally foreseeable,Q4 (October–December),"Statistical methods (e.g., moving averages, exponential smoothing)",Weekly,No systematic forecasting process in place,4–7 days,Reliably — on time about 75–90% of the time,Yes — we maintain a formally calculated safety stock level,Yes — stored in a dedicated system and readily accessible,Daily,6%-10%,3,3,3,3,3,3
3/10/2026 23:14:26,E-commerce,3–5 years,Inventory Manager,50–200 SKUs,Dedicated inventory management software,Occasionally (a few times per month),Occasionally (a few times per month),15–30 days,"Seasonal cycles (festive periods, summer, monsoon etc.), Promotional campaigns and discounts, Product price changes",Moderately predictable — some variation but generally foreseeable,Q4 (October–December),"Software-based forecasting tools (Excel, ERP modules)",Monthly,Inability to account for promotions or sudden market events,4–7 days,Reliably — on time about 75–90% of the time,Yes — determined informally based on experience,Yes — stored in spreadsheets or basic records,Monthly,6%-10%,3,3,4,4,4,4
3/11/2026 0:20:34,Service,More than 5 years,Owner / General Manager,Fewer than 50 SKUs,Manual tracking (spreadsheets or paper records),Occasionally (a few times per month),Never,Fewer than 7 days,"Seasonal cycles (festive periods, summer, monsoon etc.), Product price changes, Shifts in customer preferences or market trends, Macroeconomic factors (inflation, consumer spending)",Unpredictable — demand fluctuates significantly and irregularly,"Q2 (April–June), Q4 (October–December)",Experience or gut-feeling based estimation,Not regularly updated,Inability to account for promotions or sudden market events,1–3 days,Very reliably — on time more than 90% of the time,Yes — determined informally based on experience,Yes — stored in spreadsheets or basic records,In real-time (automated continuous updates),Less than 2%,4,3,2,5,5,2
3/11/2026 5:03:36,E-commerce,3–5 years,Owner / General Manager,Fewer than 50 SKUs,Manual tracking (spreadsheets or paper records),Rarely (a few times per year),Occasionally (a few times per month),7–14 days,"Seasonal cycles (festive periods, summer, monsoon etc.)",Moderately predictable — some variation but generally foreseeable,Q4 (October–December),Manual analysis of historical sales records,Monthly,Unexpected changes in customer behaviour,8-14 days,Reliably — on time about 75–90% of the time,Yes — determined informally based on experience,Yes — stored in a dedicated system and readily accessible,Weekly,2%-5%,4,3,2,3,4,4
3/11/2026 6:36:36,IT,More than 5 years,CIO,More than 500 SKUs,Enterprise Resource Planning (ERP) system,Rarely (a few times per year),Rarely (a few times per year),15–30 days,"Seasonal cycles (festive periods, summer, monsoon etc.)",Moderately predictable — some variation but generally foreseeable,Q3 (July–September),"Software-based forecasting tools (Excel, ERP modules)",Monthly,Supplier or supply chain disruptions,15-30 days,Reliably — on time about 75–90% of the time,Yes — we maintain a formally calculated safety stock level,Yes — stored in a dedicated system and readily accessible,In real-time (automated continuous updates),Less than 2%,4,4,2,1,5,4
3/11/2026 7:46:24,Engineering Consultancy,More than 5 years,Director,Fewer than 50 SKUs,Manual tracking (spreadsheets or paper records),Never,Never,Fewer than 7 days,Competitor pricing or competitor stockout situations,"Highly predictable — follows a consistent, stable pattern",Demand is relatively uniform throughout the year,Experience or gut-feeling based estimation,Not regularly updated,No systematic forecasting process in place,4–7 days,Very reliably — on time more than 90% of the time,No — safety stock is not maintained,Yes — stored in a dedicated system and readily accessible,Irregularly or manually,Unable to estimate,5,3,3,5,1,3
3/11/2026 9:03:28,Manufacturing,More than 5 years,Owner / General Manager,More than 500 SKUs,Enterprise Resource Planning (ERP) system,Never,Rarely (a few times per year),31–60 days,Shifts in customer preferences or market trends,Moderately predictable — some variation but generally foreseeable,Demand is relatively uniform throughout the year,"Software-based forecasting tools (Excel, ERP modules)",Monthly,No systematic forecasting process in place,15-30 days,Reliably — on time about 75–90% of the time,Yes — we maintain a formally calculated safety stock level,Yes — stored in a dedicated system and readily accessible,In real-time (automated continuous updates),Less than 2%,5,5,2,1,5,5
3/11/2026 9:19:42,"Deisgn, Engineering, Manufacturing, erection testing & commissioning of Power Equipments and Industry Sector products.r ",More than 5 years,EXECUTIVE DIRECTOR ,More than 500 SKUs,Enterprise Resource Planning (ERP) system,Rarely (a few times per year),Rarely (a few times per year),31–60 days,Shifts in customer preferences or market trends,Moderately predictable — some variation but generally foreseeable,Demand is relatively uniform throughout the year,"Statistical methods (e.g., moving averages, exponential smoothing)",Monthly,Supplier or supply chain disruptions,More than 30 days,Reliably — on time about 75–90% of the time,Yes — we maintain a formally calculated safety stock level,Yes — stored in a dedicated system and readily accessible,In real-time (automated continuous updates),6%-10%,4,4,5,2,5,4
3/11/2026 9:22:34,Retail,3–5 years,Owner / General Manager,50–200 SKUs,Dedicated inventory management software,Occasionally (a few times per month),Occasionally (a few times per month),7–14 days,"Seasonal cycles (festive periods, summer, monsoon etc.)","Highly predictable — follows a consistent, stable pattern",Q4 (October–December),"Statistical methods (e.g., moving averages, exponential smoothing)",Weekly,Supplier or supply chain disruptions,8-14 days,Reliably — on time about 75–90% of the time,Yes — determined informally based on experience,Yes — stored in spreadsheets or basic records,Weekly,2%-5%,4,4,2,1,5,4
3/11/2026 9:54:39,Retail,More than 5 years,Intern,More than 500 SKUs,Manual tracking (spreadsheets or paper records),Occasionally (a few times per month),Rarely (a few times per year),31–60 days,Product price changes,Moderately predictable — some variation but generally foreseeable,Q1 (January–March),Manual analysis of historical sales records,Not regularly updated,Supplier or supply chain disruptions,8-14 days,Reliably — on time about 75–90% of the time,Yes — determined informally based on experience,Yes — stored in a dedicated system and readily accessible,In real-time (automated continuous updates),Unable to estimate,3,3,5,5,2,4
3/11/2026 10:07:39,Manufacturing,More than 5 years,Owner / General Manager,Fewer than 50 SKUs,Enterprise Resource Planning (ERP) system,Never,Never,15–30 days,"Macroeconomic factors (inflation, consumer spending)",Moderately predictable — some variation but generally foreseeable,Demand is relatively uniform throughout the year,Manual analysis of historical sales records,Weekly,No systematic forecasting process in place,4–7 days,Very reliably — on time more than 90% of the time,Yes — we maintain a formally calculated safety stock level,Yes — stored in spreadsheets or basic records,In real-time (automated continuous updates),Less than 2%,4,3,2,3,4,5
3/11/2026 13:33:15,Retail,Less than 1 year,Owner / General Manager,Fewer than 50 SKUs,Manual tracking (spreadsheets or paper records),Very frequently (weekly or more),Very frequently (weekly or more),Fewer than 7 days,"Seasonal cycles (festive periods, summer, monsoon etc.)","Highly predictable — follows a consistent, stable pattern",Q1 (January–March),Experience or gut-feeling based estimation,Daily,Insufficient or poor-quality historical data,1–3 days,Very reliably — on time more than 90% of the time,Yes — we maintain a formally calculated safety stock level,Yes — stored in a dedicated system and readily accessible,In real-time (automated continuous updates),Less than 2%,1,5,3,1,1,5
3/11/2026 16:49:09,Manufacturing,1–3 years,Owner / General Manager,Fewer than 50 SKUs,Manual tracking (spreadsheets or paper records),Rarely (a few times per year),Rarely (a few times per year),7–14 days,"Seasonal cycles (festive periods, summer, monsoon etc.)",Moderately predictable — some variation but generally foreseeable,Q3 (July–September),Manual analysis of historical sales records,Monthly,Unexpected changes in customer behaviour,8-14 days,Inconsistently — on time about 50–75% of the time,Yes — determined informally based on experience,Partially — some data is available but records are incomplete,Weekly,2%-5%,3,2,4,4,5,3
3/11/2026 19:27:17,Wholesale / Distribution,More than 5 years,Owner / General Manager,More than 500 SKUs,Automated analytics or AI-driven tools,Very frequently (weekly or more),Occasionally (a few times per month),15–30 days,Promotional campaigns and discounts,"Highly predictable — follows a consistent, stable pattern",Demand is relatively uniform throughout the year,"Statistical methods (e.g., moving averages, exponential smoothing)",Daily,Supplier or supply chain disruptions,4–7 days,Very reliably — on time more than 90% of the time,Yes — we maintain a formally calculated safety stock level,Yes — stored in a dedicated system and readily accessible,Daily,Less than 2%,1,5,3,5,5,5
3/11/2026 19:42:02,Manufacturing,More than 5 years,Owner / General Manager,50–200 SKUs,Dedicated inventory management software,Occasionally (a few times per month),Very frequently (weekly or more),31–60 days,"Competitor pricing or competitor stockout situations, Macroeconomic factors (inflation, consumer spending)",Moderately predictable — some variation but generally foreseeable,"Q2 (April–June), Q3 (July–September)",Manual analysis of historical sales records,Only at the start of each season or quarter,No systematic forecasting process in place,15-30 days,Inconsistently — on time about 50–75% of the time,Yes — determined informally based on experience,Yes — stored in spreadsheets or basic records,Monthly,More than 10%,2,1,5,5,5,2
3/11/2026 22:07:31,Wholesale / Distribution,Less than 1 year,Operations Manager,50–200 SKUs,Dedicated inventory management software,Occasionally (a few times per month),Occasionally (a few times per month),7–14 days,"Promotional campaigns and discounts, Product price changes",Moderately predictable — some variation but generally foreseeable,Demand is relatively uniform throughout the year,"Statistical methods (e.g., moving averages, exponential smoothing)",Weekly,Unexpected changes in customer behaviour,4–7 days,Reliably — on time about 75–90% of the time,Yes — determined informally based on experience,Yes — stored in spreadsheets or basic records,Weekly,2%-5%,3,2,3,3,3,3
3/12/2026 9:18:46,Retail,1–3 years,Owner / General Manager,50–200 SKUs,Manual tracking (spreadsheets or paper records),Occasionally (a few times per month),Occasionally (a few times per month),Fewer than 7 days,Shifts in customer preferences or market trends,Moderately predictable — some variation but generally foreseeable,Demand is relatively uniform throughout the year,Manual analysis of historical sales records,Monthly,Unexpected changes in customer behaviour,1–3 days,Reliably — on time about 75–90% of the time,Yes — we maintain a formally calculated safety stock level,Yes — stored in a dedicated system and readily accessible,Monthly,Less than 2%,4,4,3,3,4,4
3/12/2026 12:01:16,Retail,Less than 1 year,Inventory Manager,Fewer than 50 SKUs,Manual tracking (spreadsheets or paper records),Occasionally (a few times per month),Rarely (a few times per year),7–14 days,Shifts in customer preferences or market trends,Moderately predictable — some variation but generally foreseeable,Demand is relatively uniform throughout the year,Manual analysis of historical sales records,Daily,Supplier or supply chain disruptions,4–7 days,Reliably — on time about 75–90% of the time,Yes — determined informally based on experience,Yes — stored in spreadsheets or basic records,Daily,2%-5%,2,4,2,2,4,4